longitude,latitude,sentiment
-70.1004,41.2815,0.5
56.3427648,25.1243348,-0.4
114.26163725,30.594726,0
28.896205,41.03416,0.15000000000000002
3.48807167,6.43278396,0
-0.27246159,5.58631528,0
-115.49475011,33.6929266,0.2
-115.298981,36.083994,0.26666666666666666
-0.27246159,5.58631528,0
16,50,0.30000000000000004
32.5282,15.6034,0.03333333333333333
-1.53778518,54.54111466,0.42500000000000004
-118.4574,33.9833,0
-86,36,0.5
3.3180383,6.5061138,0
-122.41024101,37.79238423,0
101.68637,3.148982,-0.3
-73.4721,45.5181,-0.078125
-80.49651614,43.45494464,0
-80.28091469,25.97734614,-0.03333333333333333
-1.2578,51.7519,0
-86.4482,42.1111,0
34.3025,31.3439,0
34.3025,31.3439,0
-115.149,36.1675,-0.023809523809523805
-0.3122852,53.75863647,0
-115.149,36.1675,-0.06666666666666667
-113.621,53.439,0.1875
-97.1397,49.8873,0.21814799783549782
-113.5985369,53.4287614,-0.05555555555555555
-86.2909,36.2078,0
-0.82878396,51.29053926,0
-96.62249756,32.92520142,0.3181818181818182
-96.86669922,32.59680176,0
-97.00299835,32.76839828,0
-89,40,0.14208333333333334
-118.35595671,34.14017259,0
153.3921,-28.0183,0.15625
-72.67440491,40.81829774,0.35
-76.07248,39.67244,0.5681818181818181
7.50141676,9.04335291,0.06200000000000001
-73.0104,40.8904,0
73.8567,18.5203,0
-81.45925373,28.12991488,0.2848484848484848
-95.56404977,29.56304729,0.65
-122.39255,40.5876,-0.2928571428571428
-77.5817439,35.2640291,0
-77.4211,38.9244,0.18316326530612242
34.45,31.5167,-0.4
-85.18291508,34.2789429,0.425
-118.350552,33.833741,0.11249999999999999
-66.91487202,10.50502625,0.05
27.8709,-26.1369,0
-122.41516113,37.78591078,-0.03571428571428571
-86.1110272,42.778624,0.3333333333333333
34.45,31.5167,0.11607142857142858
150.94014328,-33.88987306,0.1
-80.24124513,25.72701629,0.5
-79.50354109,43.77141027,-0.00833333333333334
-73.98481,40.75194,-0.017045454545454548
50.98904,35.831234,-0.1
-77.53108134,37.26228035,-0.5777777777777778
-73.97833333,40.74833333,0
-83.0128414,42.3228911,0
-122.39608037,47.68649273,0
-73.4829,41.0757,0.05
-95.43664013,29.73815448,-0.3125
-96.4597,32.92,0.3333333333333333
-77.24752,38.66104,0
-73.8531,40.7493,0
-81.32806152,48.47593351,0.3
-72.7,41.6,-0.128125
-82.5558,35.5799,0
101.7109,3.1581,0.85
-122.35771894,47.62360439,0
-115.31034546,36.08690587,0.08333333333333334
-75.1651,39.9527,0.5
-73.2978,41.2528,-0.34375
-73.99768487,40.73666111,0
-95.55706,29.97034,0.4
0.20094055,51.57075587,0
153.41078748,-28.08881276,0
-4.31246561,55.88479416,0
0.12241,51.45118,-0.0027272727272727253
-118.2445,34.0564,0.1
-76.477847,39.341506,0
-99.1332,19.4326,0.375
-89.2115,13.6918,0
-0.54092646,52.39173352,0
-4.28998226,55.87882219,0
-95.3694,29.7602,0.13636363636363635
-71.0661,42.3583,-0.5
-73.8517188,42.614541,0
21.06765747,52.18572084,0
-80.34587145,25.9844537,0.25
-74.0007613,40.7207559,0
73.79909931,18.59331983,0.45
-118.2445,34.0564,0
-84.24521,34.9598299,0.3333333333333333
-87.6461792,41.90023277,0
-86.99509,30.63727,0.25
-97.7475,30.2677,0.01783333333333334
12.05655,49.02838,0.5
-96.804985,32.861895,-0.15000000000000002
-1.16667,54.5167,0.5
3.39583,6.45306,0.25
-0.1094,51.5141,0
-97.73549055,30.26585335,-0.06666666666666667
-117.73614,34.10745,0.15
-80.2533,35.824,0.26785714285714285
-73.94277,40.65217,0
-87.6501399,41.9086799,0.12421875
101.7109,3.1581,0.21875
-105.259,40.0194,0
0.24142027,52.02573834,0
-66.50418,45.84793,0.25
-74.46848886,39.35713404,0
-80.7197,32.184,-0.234375
-75.82666667,38.88388889,0
-117.25990176,32.93156314,0.3766666666666667
-81.09476324,32.06218899,0.16727272727272727
-79.3872,43.648,-0.05681818181818182
-74.0064,40.7142,0.040606060606060604
-110.95050596,32.14798803,0.6
-82.4502,27.1,0
-73.6525,40.6964,0.4681818181818182
-1.139461,51.56985,-0.1
-99.24090743,28.434374,0
-70.1004,41.2815,0.5
144.9661,-37.8156,0.25
-1.93048239,53.60276332,0
0.61300278,51.65148181,0
-87.7214,41.6264,0.05
-72.9273,40.9537,0.04659090909090913
-71.45,41.45,0.125
-93.7419,44.9064,0
-96.86795379,32.71955328,0.25
-120.23349,39.19679,-0.02291666666666667
-104.8207,38.8301,0
-80.28091469,25.97734614,-0.7142857142857143
-122.42,37.76,0.05357142857142857
1.33899903,51.13187848,0
-74.21708269,40.68357786,0.6833333333333332
-71.06929,42.36255,0.55
-111.926,33.4931,0.06666666666666667
-118.2445,34.0564,0.21212121212121213
-118.2445,34.0564,0
-76.868753,38.8889762,0.3833333333333333
-74.0064,40.7142,0.22727272727272727
-82.35334396,29.64957031,0
-0.1094,51.5141,0
-118.384,34.0847,-0.0953125
-77.99382628,38.47195613,0
-104.959,42.0539,0.06011904761904761
-73.4431,40.8634,-0.26565656565656565
-77.19499148,39.0945021,0
0.52550292,51.6028586,0.5
-123.3645,48.4287,0.1406060606060606
-75.3800228,40.11254696,0
-75.15524469,39.96642376,0
-81.565,41.47042,0.3872159090909091
-80.13085376,25.78115433,0.8
-111.9839965,33.3426673,-0.05
-79.7283,43.6286,-0.2
-81.5266,41.609,1
6.74929476,43.42712742,0.2571428571428572
-97.236591,27.5726,0
-118.1938,33.7692,-0.012499999999999997
-74.0064,40.7142,0
-115.96711326,36.1780363,-0.09375
-88.02475858,41.88763428,-0.44768518518518524
-96.61299896,32.77019882,0.22727272727272727
-121.91785214,37.4096688,0.27499999999999997
-123.18456563,49.12627715,-0.0625
-87.632496,41.883222,0.12083333333333333
-1.139452,51.569848,-0.037500000000000006
-1.139452,51.569848,0.05833333333333334
-1.139452,51.569848,0.2
-105.08378327,39.84345165,0
-1.139466,51.569851,-0.037500000000000006
78.1131,9.9251,-0.4333333333333333
-118.2293731,34.18872781,1
-1.0591,50.7955,0.016666666666666663
-76.20147986,40.02334891,0.1
-74.0007613,40.7207559,0
-73.82481,40.82891,0.25
-79.9372,32.7872,0
-118.2445,34.0564,0.65
-66.86166644,10.47232601,0
-97.73549055,30.26585335,0.25
-81.49704,41.5568,0.43333333333333335
-96.7459,33.0504,0.55
-118.2445,34.0564,0
-111.421,35.8554,-0.20833333333333334
-98.25349645,26.21832438,0.44642857142857145
-79.9975,40.4411,0.5
-72.5981195,44.15253213,0
-82.3854,34.8443,0.04999999999999999
-117.2088167,32.9436607,0.11904761904761904
-97.7508,28.4055,0.16499999999999998
-1.139458,51.569851,-0.05
-1.139458,51.569851,0.030000000000000006
-1.139458,51.569851,-0.07000000000000002
-1.139458,51.569851,0.39999999999999997
-74.5,40,0.5
-95.3694,29.7602,0.625
-71.5,41.7,0
-121.97563156,38.38971338,0.625
-80.1256,26.2347,0
-117.81883,33.74416,-0.07954545454545454
-74.0064,40.7142,0.13636363636363635
145.2777,-37.8828,0
-122.02145602,37.40302904,0.3333333333333333
-90.33408638,38.51210819,0
-122.435922,37.723852,0.8
-117.6910615,34.09558285,0.05555555555555558
-73.8517188,42.614541,0
-122.38769,37.75026,0
-77.03625482,38.89797248,0.08522727272727272
-86.7837,36.1651,-0.19999999999999998
-78.560945,36.62143586,0
-118.472778,34.051667,0.625
-86.7023564,36.29492754,0.12878787878787878
120.4103298,15.6556532,0
-84.4854,42.7355,-0.10416666666666667
-117.14416667,32.91638889,0.25
-91.1402,30.4581,0
-74.0064,40.7142,0.36666666666666664
4.73333,7.61667,0.39999999999999997
-81.7464,28.5484,0
-74.0064,40.7142,0.13636363636363635
174.7657,-36.8473,0.13636363636363635
-2,54,0.41818181818181815
-74.0007613,40.7207559,0
-112.0777,33.4482,0.2
-111.883,40.75,0
113.4668,-0.8349,0.8125
-118.2445,34.0564,1.3877787807814457e-17
-80.18467,25.84344,0.6333333333333334
-76.9262,40.2411,0.4166666666666667
-97.80101,30.27443,0.13636363636363635
100.41180178,6.2762598,0.875
-122.27151,37.8008,-0.045
-157.73944,21.39722,-0.2916666666666667
-122.38769,37.75026,0
-115.149,36.1675,-0.625
-82.31955963,28.37730586,0
-79.7913,36.0731,0.1090909090909091
-116.2038,43.6141,-0.09999999999999998
-81.2664,28.8123,0.3111111111111111
-74.0064,40.7142,0.25
-122.38769,37.75026,0
-117.881,33.7407,0
-75.43620643,40.47425444,-0.1
-78.6349,35.7781,0.2
144.973,-37.8119,0
-76.99055389,38.88830525,-0.375
-71.40535602,42.08670044,0.3
-119.182,34.1913,0.47500000000000003
-118.2445,34.0564,0.2857142857142857
-0.07939436,51.47496745,0.2681818181818182
-73.7874,40.9149,0.13636363636363635
-76.9262,40.2411,-0.25
-117.1585,32.7155,0.4
-84.8844067,39.86458294,0
-70.1004,41.2815,0.5
-76.98355397,38.89575597,0.19999999999999998
-73.539006,41.056747,0.18668831168831168
-84.23552312,34.05754499,0.20833333333333334
-80.9319025,46.4916806,0.025
-78.8494,42.9047,-0.09777777777777778
-117.5655,33.8752,0.3
32.5811,0.3136,0
-100.43078363,25.67278783,0
-74.0064,40.7142,0.19166666666666668
-122.35694444,47.63722222,-0.44999999999999996
-76.09826192,36.77571603,0
-117.24031389,32.79782778,0
-117.912,33.665,0.640625
-79.7164011,43.7742911,-0.17500000000000002
-91.1402,30.4581,0.5
-74.3576,40.718,0.4041666666666667
-82.93154,40.12577,0.6328125
-122.675,45.5236111,0.2681818181818182
-86.38966899,35.8371667,0
-104.8223,39.7071,-0.75
-122.675,45.5236111,0
3.39583,6.45306,0.2
3.35004343,6.58125476,0.2
-117.214,32.7383,0.230952380952381
-118.378,34.1722,0
-75.12952737,40.11556478,0.2914285714285714
-118.3339186,34.08347674,0.8
-10.80574036,6.32007587,0.1375
-115.14282,36.09957,0
-79.3872,43.648,0
-82.45866,35.31557,0
-0.88977,52.76635,0.3033333333333333
144.9661,-37.8156,0
-92.2895948,34.7464809,0
-97.145401,32.88940048,0
-117.28774,33.03198,0
-122.675,45.5236111,0
-77.5,41,0.175
-118.34916667,34.05972222,0.17159090909090907
-2.9794,53.4078,0
-97.73549055,30.26585335,0.25
-97.48638003,35.31898421,0.35
-79.9975,40.4411,0
121.03494111,14.7003854,0.05000000000000002
-114.057,51.045,-0.1408333333333333
-88.1033,30.6795,0
-81.79936,36.15544,0.36250000000000004
-73.97956,40.81893,0
-82.451805,35.31531532,0.25999999999999995
-78.8494,42.9047,0.05909090909090908
-75.8509,45.3993,-0.052727272727272734
-118.33333333,34.1,-0.25
-82.8294,42.6745,0.15
-117.1585,32.7155,0.6770833333333333
-80.84333333,35.22694444,0
-79.9372,32.7872,0
-73.99060249,40.76131713,0.4520833333333334
-95.38306604,29.70320032,0.033333333333333326
5.34796955,60.36879964,-0.14375
-118.25,34.05,0.009523809523809513
-122.3308,47.6046,0
-77.0367,38.8951,-0.06666666666666667
80.2751,13.0812,-0.15555555555555559
-79.42319,43.6541,0.625
-122.28333333,37.75,-0.09999999999999999
-73.99060249,40.76131713,0.8
-3.2087,55.9546,0
-2.76667,53.1167,-0.018750000000000003
3.39583,6.45306,0.6
-79.2667,43.8667,0
-1.93048239,53.60276332,0
-73.965631,40.757498,0
-0.1094,51.5141,0
174.7657,-36.8473,0.13636363636363635
-80.22875547,40.63261687,-0.2
-121.2423,38.7813,0.1
-80.19087753,25.76766204,0.4
-117.66806,33.45538,-0.125
-122.638,47.5316,0.2791666666666667
-110.92097414,32.20974234,0.5
175.283,-37.7833,0.49318181818181817
151.033,-33.9167,-0.4
-80.22875547,40.63261687,-0.2
-122.96456169,46.58619608,0
-81.32806152,48.47593351,0
-80.436956,25.096352,0.13788132440476192
-77.02107011,38.89816086,0
28.20944192,-25.75450357,0
-118.350552,33.833741,0.3666666666666667
-117.86996,33.59552,0.8
-70.2494,43.82889,0.5625
-122.1165286,37.4182576,0.75
-159.39908304,21.97304711,0.25
-87.3745,36.0715,0
-104.862,39.081,-0.1
122.36760138,11.70445614,0.11540404040404041
176.0696,-38.68682,0.675
139.730617,35.650719,0.45
-75.54232893,39.74133765,0
-82.6546097,27.7895107,0.2125
-4.309626,55.852472,-0.16666666666666666
-95.1233,29.6793,0.15
-112.074037,33.448377,0.5
-105.103,39.7063,0.24761904761904763
151.20797,-33.86751,0.4
150.91810724,-33.89214702,0.21454545454545454
7.42936372,8.96389499,0
-79.7164011,43.7742911,0.25
-122.3308,47.6046,0.5416666666666667
-71.1439,42.6599,-0.15625
7.45147705,46.93971485,0
-73.95,40.65,-0.15625
-74.1849,40.7352,0.5
-80.14464,25.96861,0
-71.45972222,41.97083333,0.045
91.70811213,27.53009785,0.20000000000000004
-80.165,25.69027778,-0.1
-84.2836,30.4391,0.19375
-73.96451066,40.70986372,-0.1
80.1659784,13.0434906,0.03749999999999999
121.31643171,14.07328359,-0.05
3.39583,6.45306,0
51.5293,25.2834,-0.004761904761904763
-84.2978,33.7714,0.06666666666666667
-87.64578105,41.93275842,0
-122.00760251,37.57614819,-0.09375
0.05173177,52.28036162,0
-76.7,39,0.5
-95.3694,29.7602,0.2
-122.38293036,47.66751099,-0.26666666666666666
-74.0064,40.7142,0
-97.106,49.853,0.1
-74.0064,40.7142,0.13636363636363635
-81.657,30.3285,0
103.856,1.29306,0.6
-82.32922,27.87174,0.546875
-118.55405413,34.37373147,0.2130681818181818
-71.43352,41.8287,0.3666666666666667
-118.2445,34.0564,-0.19642857142857145
-72.32513,41.06213,0.4
-122.419,37.7793,0
-77.9167,18.4667,0.25
115.16736031,-8.6773787,0.26666666666666666
115.16736031,-8.6773787,0.26666666666666666
115.16736031,-8.6773787,0.26666666666666666
-104.98360001,39.7391,0
-109.067,35.742,0.05
-157.90909,21.60879,0
-84.22533,33.94581,0.2555194805194805
-116.39277778,47.11222222,0.1288888888888889
-117.566,33.8753,0
115.27335,-8.64588,0
77.2089,28.6139,0
-122.675,45.5236111,0
-61.51666667,10.66666667,-0.16666666666666666
5.23092985,7.49849377,0.7
-71.8,42.3,-0.4999999999999999
-82.96921,39.98463,0.25
-75.5986169,38.36154361,0.25
-117.566,33.8753,0
-80.14034,26.10704,-0.1
-95.35396,29.7512,0.5125
-118.2445,34.0564,0
-80.84333333,35.22694444,0.8
-106.81883,39.18747,0.8
-111.935,33.4219,0
-118.35439145,34.13767425,0.024999999999999994
3.39583,6.45306,0
88.1971,69.3531,0
-111.943,33.5303,0.8
-68.58259529,18.80287827,0
-118.2445,34.0564,0
-73.99575,40.74055,0
-97.145401,32.88940048,0
80.08903432,12.90594782,0
176.167,-37.6833,0.17500000000000002
12,43,0
-112.04666667,33.05666667,-0.4861111111111111
-70.97138,41.98634,0
3.39583,6.45306,0
-118.44801,33.95924,0.3
125.6865055,7.3141737,0.4666666666666666
-94.3781,38.9127,0.17045454545454544
-122.03315345,37.84915198,0.5
-73.9539137,40.8031678,0
-77.0367,38.8951,-0.23333333333333328
100.494,13.7522,0.5
-111.8718415,33.610317,-0.5
-73.95666837,40.77091422,0
144.9661,-37.8156,0.6666666666666666
-110.64494,50.04326,0
89.3875,23.6,0.3833333333333333
-82.93154,40.12577,0.23000000000000004
-79.7283,43.6286,0
-83.15207452,42.41772334,0
39.81653452,21.41681671,0
55.30822277,25.07160584,0.06818181818181818
103.86445454,1.36689104,0
-79.38007,43.65367,-0.1
-118.2445,34.0564,0
-73.92099697,40.83568821,0.2800189393939394
-79.3367873,43.7175553,-0.1
6.79880155,6.12114236,0.2916666666666667
-71.0558,42.4066,-0.5666666666666667
-86.0331065,34.6726022,0.22499999999999998
106.8233,-6.1803,-0.3
-118.43,34.0561,0.4166666666666667
-122.20968,47.82873,0.03333333333333333
-74.0064,40.7142,0.0909090909090909
116.388,39.9289,0.128125
-118.49794,34.26394,0.2857142857142857
123.892,10.3111,0
110.34196249,1.48776396,0
9.19466001,45.46051109,0
72.8764,19.0627,0.13636363636363635
-75.7,45.4167,0.26212121212121214
-73.94837222,40.80903333,0.06818181818181818
79.44733143,29.40700232,0.0625
115.16767426,-8.67758463,0.12727272727272726
-74.00589108,40.71270142,0
-105.922,35.7461,0.19318181818181818
-122.56211626,45.48207946,0
-74.3017,40.6575,0
103.4015,1.88449,0
-76.74156,38.94595,0.45
-95.3694,29.7602,0
-115.25892863,36.16699966,0
-118.2445,34.0564,0
-115.36085,51.08961,0.225
-76.74156,38.94595,0.16818181818181818
-84.3889,33.7566,0
145.1529,-37.9492,-0.16666666666666666
-73.95666837,40.77091422,0.13636363636363635
-118.24277043,34.05372611,0
-121.8865,37.3376,0.07500000000000001
-117.35096812,33.15411078,0
-80.49651614,43.45494464,1
-157.92366028,21.31752233,0.48148148148148157
121.01842156,14.57514862,0.85
-80.26897213,36.09006963,-0.075
-80.2683,26.6615,0
-73.56725453,45.75975883,0
-73.56725453,45.75975883,0
-123.083,49.0833,-0.08888888888888889
-4.13002319,55.87574395,0
104.02237415,1.36436441,1
-4.13002319,55.87574395,0
-108.687,36.7928,0.63828125
151.22998,-33.88516,0.19956709956709956
3.39583,6.45306,0
-97.73549055,30.26585335,-0.06666666666666667
-73.95666837,40.77091422,0.13636363636363635
77.42,23.25,0
-73.95666837,40.77091422,0.13636363636363635
74.8656,31.6331,0.4
3.39583,6.45306,0.31212121212121213
-81.48451171,41.12298428,0
-84.3889,33.7566,0
-81.0442,34.0006,1
-111.943,33.5303,0.25
-2.02899099,53.10506467,0
-0.13608912,51.50413561,0.35
3.38369431,6.61530514,0.5
10.15166667,5.96138889,0.16666666666666666
-4.259,55.858,0
1.01916667,33.68305556,0.5
-73.95837098,40.76884435,-0.375
121.0562,14.5127,0.13333333333333333
-118.2445,34.0564,0
139.559,35.7061,-0.16285714285714287
5.1880267,13.0300117,0.4
115.16736031,-8.6773787,0.2333333333333333
6.72725973,7.7916905,0
115.16736031,-8.6773787,0.26666666666666666
115.16736031,-8.6773787,0.26666666666666666
115.16736031,-8.6773787,0.26666666666666666
116.45553,-31.75049,0
-73.95837098,40.76884435,0
51.43325,25.21726,0
-84.5535,33.3018,0.43500000000000005
-121.382,38.4382,0.5
-121.89,37.332,0
-96.81275749,32.92420172,0
72.8764,19.0627,0.9453125
121.04262648,14.67164337,0.35
6.72725973,7.7916905,-0.025000000000000005
-73.9664,40.7646,0
103.856,1.29306,0.5666666666666667
3.39583,6.45306,0.15
-96.86669922,32.59680176,0
3.39583,6.45306,0.15
-117.25990176,32.93156314,0.37857142857142856
-73.9664,40.7646,0
-93.3478,44.9483,-1
-73.56725453,45.75975883,0.05833333333333334
-73.56725453,45.75975883,0.0666666666666667
-92.4563,35.0916,-0.5
3.39583,6.45306,0.15
-79.7164011,43.7742911,0.13636363636363635
144.9661,-37.8156,0.2
-80.1418,26.1358,0.49718750000000006
72.8318634,19.0742207,0.45000000000000007
3.39583,6.45306,-0.1
-118.384,34.0847,0.5111111111111111
-75.22001933,40.0072222,0.08522727272727272
20.47673912,44.8114357,0.31999999999999995
-122.95416637,50.11370138,0
-81.2814,28.2486,0.35178571428571426
-84.77371079,33.46068463,0.45
-71.0565,42.3577,0.5
-0.82345963,53.9593831,0
85.89581251,26.12863399,0
-122.49776884,37.77225372,0
-112.0777,33.4482,0.26666666666666666
-84.25704315,39.79032862,0.35
77.597645,12.971117,0
-0.77614867,53.3936218,-0.125
-117.25659,32.79686,0.7000000000000001
-0.7761401,53.39360793,-0.125
-111.841,33.3033,0.2875
101.7109,3.1581,0.4
-77.03625482,38.89797248,-0.21666666666666667
-121.74458,38.5467,0.09166666666666667
-123.12721877,49.28248253,0.1340909090909091
100.494,13.7522,0.5
-81.99358463,26.5816479,0
-77.03625482,38.89797248,0
-77.4371,37.5373,0.15
-71.0565,42.3577,0.43333333333333335
80.9463,26.88173,0.5
174.77688,-36.87073,0.06818181818181818
-118.44915,34.18525,-0.125
151.2092955,-33.8688197,0
-75.746002,39.683919,0.08333333333333333
112.743,-7.2647,0.5
-121.4947,38.577,0.018181818181818174
55.29794225,25.253031,-0.05
-118.2445,34.0564,0.03409090909090909
2.3508,48.8567,0
-123.1204,49.2819,0.2708333333333333
-100.983,25.4333,0.37083333333333335
-97.73549055,30.26585335,0.25
-118.2445,34.0564,0.04545454545454545
123.7597136,10.20725944,0.7
21.008333,52.232222,0
73.2,22.3,0.18928571428571428
-123.1204,49.2819,0.15
77.42,28.67,0
-73.9119,42.7044,0.4681818181818182
113.817,-7.91667,0.5
-73.8309,40.7,0.13636363636363635
-76.614,39.2944,0.55
-2.18091488,53.00778835,0.4
-74.0064,40.7142,0.13636363636363635
-73.56725453,45.75975883,0.03333333333333333
84.45767641,26.0847404,-0.1333333333333333
-86.8679,35.9245,0.4738839285714286
77.30809,23.268888,0
75.8167,26.9167,0.75
35.27522715,0.51669591,0.15000000000000002
58.20931423,23.61396598,0.05555555555555557
-104.8207,38.8301,0
115.16736031,-8.6773787,0.26666666666666666
90.1865,26.3646,0.0634920634920635
115.16736031,-8.6773787,0.26666666666666666
-74.00711388,40.71333876,0
8.8085,53.0763,0.1
-0.4515122,52.1406508,0.35
-121.98187697,37.57819551,0
100.67705078,13.76598429,0
100.67705078,13.76598429,0.43333333333333335
-0.10226432,51.57558519,0.25
-77.03625482,38.89797248,0
1.15217943,52.05427797,0
-7.08056729,53.44698348,0.10333333333333332
28.0421,-26.2047,0.5
-75.7,45.4167,0.1575
-93.24225426,44.90966013,-0.09722222222222222
-75.7,45.4167,0.1575
77.219672,28.631747,0.8
114.158,22.2826,0
-118.2445,34.0564,0.45
120.9808,14.5896,0
-117.86996,33.59552,-0.05625
77.98333333,33.3,0.425
-118.2445,34.0564,0
11.25,43.7833,0
74.6391,26.4505,0.5
72.82,18.95,0.30999999999999994
81.8579056,25.4972357,0.2
103.85977747,1.28377489,-0.1
101.60158,3.07245,0.2852272727272727
72.83,21.17,0.09015151515151514
144.45396,-37.24598,-0.1625
-2.2833,53.5333,-0.05
121.02058512,14.51967355,0
-97.73549055,30.26585335,0.25
81.38,21.14,0
-117.94407,33.93187,0.03333333333333333
150.78706,-34.20191,-0.06
151.18577778,-33.86933333,0
170.53839523,-45.84331958,0
7.54639038,49.45079929,0.6375
-114.615,32.6921,0.5201859907670454
-122.419,37.7793,0.125
-73.56725453,45.75975883,0.03409090909090909
-73.56725453,45.75975883,0
-4.3950117,55.89384165,0.21666666666666667
-1.2415,54.5713,0
-122.675,45.5236111,0
12.35540128,43.07919184,0
120.26666667,14.68333333,0
-105.039,39.7403,0
72.8764,19.0627,0.16666666666666666
77.597645,12.971117,0
21.008333,52.232222,0.30000000000000004
3.42720194,6.42253,0
25.04323303,60.20429124,0.42500000000000004
-117.293,34.1295,0
18.62484373,-33.88921874,-0.5
-118.384,34.0847,0
75.82672,26.924,-0.11875
-97.7475,30.2677,-0.09999999999999998
-0.10226432,51.57558519,0.16666666666666666
73.5092,4.1752,0.35
72.821375,18.9533586,-0.2
100.89245081,12.96275002,0
-74.0064,40.7142,0.25757575757575757
77.5179764,13.0608245,-0.35
-0.8827,41.6503,0
-0.8827,41.6503,0
-0.90136,41.63826,0
-85.21463871,35.01201083,0
-0.1094,51.5141,-0.3194444444444444
-123.06861111,44.05833333,0.4
-122.32108,49.13296,0.28125
3.39583,6.45306,0.054861111111111104
0.68299477,51.53698642,-0.1
73.8567,18.5203,0.7
0.37338294,50.81937006,0
120.8369,15.92623,0
36.903592,-1.270232,0
34.7667,32.0667,0
174.95083333,-41.26138889,0
103.90254033,1.30606011,-0.2916666666666667
77.21945717,28.63186894,0.2857142857142857
-58.5225,-34.8542,0
-0.61128817,51.70562364,0
6.72725973,7.7916905,0.2
99.1167,8.51667,0.5681818181818181
106.86107201,-6.22721904,0
18.45973435,-34.21054734,0
113.4668,-0.8349,0.4333333333333333
121.08025685,14.79378485,0
-3.76468,40.10356,0.03571428571428571
-83.0507,42.3368,0.5
-117.6,34.15,0.15757575757575756
-58.5225,-34.8542,0.3181818181818182
-121.7181,37.9977,0
-4.309626,55.852472,0
-3.76468,40.10356,0
-73.8309,40.7,0.13636363636363635
72.8764,19.0627,0.6
8.76638,45.70172,0
25.83333333,-17.93333333,0
3.35806,6.50917,0.30000000000000004
73.8567,18.5203,0
121.029,14.5569,0.5
-0.60815087,51.71328854,0.1
144.9661,-37.8156,0
10.1797,36.8028,0.5
3.13333,50.95,0.3333333333333333
77.219672,28.631747,0
3.39583,6.45306,0.5
120.34187224,14.65417393,0
-0.60815087,51.71328854,0
103.771,1.44111,0.09375
-0.8827,41.6503,0.4
78.0333,30.3167,0.5
151.14761038,-33.88389201,0.18727272727272729
73.8278,15.4988,0
3.37286385,6.64235227,0
72.83,21.17,0
-6.26174338,53.34411666,0.1787878787878788
-0.12450144,51.50013926,0
-0.10381294,51.57533849,-0.05
3.39583,6.45306,0
-118.2445,34.0564,0.12499999999999999
55.2741,25.1994,-0.2
73.83888889,26.57277778,0.11666666666666665
-0.41666667,51.25,0.34242424242424246
-1.14821207,52.94539299,-0.18181818181818182
121.54570162,25.05387415,0.10606060606060606
5.93249,43.12215,-0.4375
87.85815954,23.24000538,0.5
111.55,2.316667,-0.6
77.2089,28.6139,0.35000000000000003
-2.93629,54.89648,-0.2
-122.419,37.7793,0
-1.15946732,50.65433016,0
84.6689,25.5536,0.8
77.597645,12.971117,-0.1875
-3.06273991,51.72403664,0
174.842,-36.8745,0.4
-0.1094,51.5141,-0.023809523809523808
3.39583,6.45306,0.04999999999999999
87.85815954,23.24000538,0.5
18.46537763,-34.00597745,0
0.096635,51.561533,0
-1.13333,52.6333,0.125
80.99,16.43,0.5
28.1706,-25.8744,0
7.4833,9.0667,0.425
-73.56725453,45.75975883,0.7
-79.7164011,43.7742911,0.06818181818181818
-73.56725453,45.75975883,0.04545454545454545
-73.56725453,45.75975883,0
5.3,6.8,0.2681818181818182
-0.3965671,51.5943617,0
-0.1094,51.5141,0
5.3,6.8,0.1787878787878788
13.37388889,38.11805556,-0.16666666666666666
-3.1867,51.4853,0.6000000000000001
-73.9675,40.7779,-0.2
77.43625786,28.5693682,0.5
3.39583,6.45306,0.125
3.39583,6.45306,0.014814814814814808
7.4833,9.0667,0
-83.535,32.897,0
7.0313,5.4858,0
3.39583,6.45306,0
-0.1094,51.5141,0.5
13.4116,52.4965,-0.08333333333333333
28.1869,-25.7533,0
17.99212167,59.36607167,0
-158.00261856,21.38522728,0.1
-73.9675,40.7779,-0.2
96.12790346,16.82645744,0
18.462,-33.7972,1
101.7109,3.1581,0.15584415584415584
106.78372159,-6.26543222,-0.0625
77.0110092,20.7124805,-0.15625
8,9,0
103.856,1.29306,0.1
4.910523,52.3547262,0
36.81666667,-1.28333333,0.85
144.96334,-35.5293,-0.125
144.96334,-35.5293,-0.125
78.187624,12.993453,0.1
144.96334,-35.5293,-0.125
3.41583333,6.43111111,-0.11875000000000002
87.85815954,23.24000538,0.5
87.85815954,23.24000538,0.5
-71.61849976,10.64498185,0
-1.02515619,50.90310279,-0.4305555555555556
1.1907976,52.69189609,0.1
3.41583333,6.43111111,0.00416666666666667
77.32,28.57,0.14166666666666666
80.1659784,13.0434906,-0.5
-90.18472222,32.29888889,0
140.11315105,35.7361756,-0.06666666666666667
77.219672,28.631747,0.1
139.637256,35.443535,0.225
7.16666667,8.83333333,0.18333333333333335
34.756606,32.015756,0.20833333333333334
77.42,28.67,0.75
3.39583,6.45306,-0.022222222222222237
-74.07805588,40.94769094,0.09999999999999999
-0.16406536,51.58700311,0.16666666666666666
100.2413954,13.73443737,0.35000000000000003
-4.96263989,36.49729342,0
-4.309626,55.852472,0
-73.56725453,45.75975883,0.3866666666666667
101.7109,3.1581,0.2875
74.3436,31.5497,0.11363636363636363
3.9208,6.8208,0.6
-74.07805588,40.94769094,0.09999999999999999
7.4833,9.0667,1
72.8764,19.0627,0.08333333333333333
119.882,-4.34861,0
1.40625,47.98992167,0.5
77.8825,29.8658,0.28409090909090906
7.5103,6.4527,0.2
55.31925111,25.26848341,0
4.9001,52.3777,0.7
75.8167,26.9167,0.16666666666666666
-84.39266275,33.74117942,-0.125
-6.62457347,53.2333597,0
55.20071,25.11634,-0.11435185185185186
28.26524762,-26.17025417,1
54.60950273,24.46597,0.625
-0.02193511,51.5052583,0.025
88.3699,22.5697,0.14888888888888888
6.76290035,51.2795282,0.125
84.91521,26.65165,0.5
103.907,1.4143,0.05555555555555555
125.61524005,6.41111227,0
21.008333,52.232222,-0.06818181818181818
-1.97809,52.0224,0
-71.09281428,42.33618127,0.033333333333333326
18.38893149,-33.91716276,0.3125
-121.4272,37.7402,0.0175
-155.93,19.5593,0
114.156802,22.281137,0.5
-1.34295366,54.23500679,0
82.64007568,26.54328537,0.024999999999999994
4.84969,52.50772,0.17857142857142858
144.3603,-38.1484,0
-2.98553535,53.40170288,0.2166666666666667
-0.75312138,51.12251581,0.2833333333333333
-4.3026591,55.8716967,0.3
-0.54606483,39.59130859,0.2027777777777778
-0.2,5.55,0.3
-79.7164011,43.7742911,0.0787878787878788
8.339,4.9704,0.35
92.8,23.36,0.11818181818181818
-77.53108134,37.26228035,-0.5777777777777778
77.61,12.92,0.41666666666666663
-82.86679,40.01563,-0.016666666666666656
7.4833,9.0667,0.20833333333333334
144.9661,-37.8156,0
7.4833,9.0667,0.20833333333333334
-0.16166562,51.53643382,0
3.9167,7.3964,0.05000000000000002
123.6328622,10.069433,0.23333333333333336
3.9167,7.3964,0.22500000000000003
3.9167,7.3964,0.22500000000000003
21.008333,52.232222,0
85.310244,27.713776,0
-73.8644,40.9415,0.2681818181818182
74.8375,32.68916667,0
14.48538009,35.91008254,0.21666666666666667
-74.5,40,0.06818181818181818
74.66904644,36.32579779,-0.0044444444444444505
-73.8644,40.9415,0.2681818181818182
-77.0367,38.8951,-0.0625
78.56314659,17.40697376,0
21.008333,52.232222,0
72.83,21.17,0.22727272727272727
143.733,-6.33333,0.5285714285714286
143.733,-6.33333,0.5285714285714286
3.39583,6.45306,-0.024242424242424242
55.3911,25.3622,0
-80.109346,26.1609172,0.5142857142857143
-77.0244608,38.9971968,0
152.94881428,-27.55889918,0.08333333333333333
27.9667,-26.05,-0.275
9.17548876,45.45086134,0.45
121.02039334,14.46606804,0
73.06521592,33.69386247,0.07833333333333334
-0.97835186,51.45135519,0.16666666666666666
72.8764,19.0627,0.30833333333333335
-3.94231813,51.61876181,0.06818181818181818
9.16986233,45.50477609,0
-73.994508,40.763186,0
8.6709,50.1154,0.13636363636363635
76.09479,23.9450499,0.21428571428571427
-82.5122,40.0675,0
77.597645,12.971117,0.4
76.24,33.45,0.2090909090909091
6.1482599,46.21073,0.17500000000000002
12.47380959,41.94426506,0
152.77777171,-27.38583026,0.3666666666666667
101,15,0.44000000000000006
8.8573849,9.7511024,0.55
-73.97527778,40.78694444,0
-83.13650177,42.32482488,0.23750000000000002
-74.00589108,40.71270142,0.25
-74.0064,40.7142,0.13214285714285715
-73.95,40.65,0.13636363636363635
-4.309626,55.852472,0
-73.7874,40.9149,0.13636363636363635
55.2741,25.1994,0.5541666666666667
103.87216692,1.39145193,0.4
-84.37463195,33.75573326,0.2
-76.8,17.9833,0.3703125
121.18039,16.5178699,0.625
-80.08772022,42.11356858,0.020833333333333332
-73.67,42.7844,0.4787878787878788
110.45899,-7.04074,0.2
3.39583,6.45306,0.4188888888888888
77.219672,28.631747,-0.1875
-85,50,-0.175
-73.97410319,40.7642779,0.35000000000000003
-1.76784454,53.79164802,0.012499999999999997
-0.07939436,51.47496745,0
10.9149158,45.5447562,0.3333333333333333
121.5,31.2,0.3
-71.0639616,42.3428096,0
-74.0064,40.7142,0.13636363636363635
85.60401802,21.63491148,0.5
24.8078535,60.21681843,-0.3
-0.1094,51.5141,0
-1.5491,53.7998,0.15625
3.39583,6.45306,0.375
151.20797,-33.86751,0.13636363636363635
72.8764,19.0627,0
-1.5491,53.7998,0.15625
116.388,39.9289,0
116.388,39.9289,0
-73.67,42.7844,0
-74.0425728,40.2784256,0.1
116.388,39.9289,0
116.388,39.9289,0
116.388,39.9289,0
116.388,39.9289,0
77.27617188,28.53861577,0.5
-73.8531,40.7493,0.5
3.6,7.21667,-0.02395833333333334
-1.5491,53.7998,0.15625
103.856,1.29306,0
3.39583,6.45306,0.25
79.12607,29.39341,0.125
115.11807203,-8.79907367,0
88.11666667,25.61666667,0.25
101.7109,3.1581,-0.05416666666666666
139.77,35.68,0.17045454545454544
103.8969326,1.31697739,0.012499999999999994
-1.4758,52.9219,0
-2.9794,53.4078,0.35
-2.36132,51.38503,0
78.46666667,17.36666667,-0.02666666666666666
4.87901,52.37281,0.35000000000000003
-79.2317521,43.7764258,0.140625
-111.074249,45.6706102,0
-83.02542731,40.06500163,0
-1.5,53.712,0.022222222222222213
-118.59429043,34.20247682,0.375
-87.59,41.8,0
-8.60627364,41.14554241,0
-0.46369,52.13921,-0.20462962962962963
-84.3889,33.7566,0.4125
85.7833,23.9833,0
-122.54718,47.46905,0.6333333333333333
-2.45441,57.54007,0.09999999999999998
-81.32806152,48.47593351,0
106.73015296,-6.12275189,0.075
-87.01213335,30.58454346,0
-97.15583333,31.55138889,0.10700000000000001
36.79439574,-1.30116721,-0.2
3.39583,6.45306,0.3333333333333333
-79.3872,43.648,-0.03333333333333334
123.91175773,10.30332864,0.5424242424242425
-0.19683,51.56076,-0.054329004329004324
-90.1978,38.6272,0.1
-115.149,36.1675,0.65
123.91175773,10.30332864,0.5424242424242425
55.2741,25.1994,0.21666666666666667
-73.9991637,40.7536854,0.13636363636363635
-85.7554,38.2525,0.09744318181818182
-74.0064,40.7142,0.03463203463203463
-96.7977,32.7774,0
0.31645046,51.62355175,0
-111.41222222,40.50666667,0.006944444444444438
3.39583,6.45306,-0.05
103.8607228,1.26614274,-0.13
135.5036128,34.6703079,-0.1
-0.114549,52.2496,0.25
-71.2194,42.0333,0
-80.9319067,46.4916765,0.025
-70.1004,41.2815,0.5
-80.6596,28.1907,0.25
-75.1398154,40.0260233,0.28076171875
-81.4535188,41.545978,-0.4
-58.73167261,-34.51556935,0.04924242424242423
-77.49554001,39.08065829,0.25
2.3567407,48.85810108,0
-80.24258517,36.09670936,0.325
-75.0311,39.9347,0.13636363636363635
-121.9444,36.5672,0.21000000000000002
-6.2591,53.3476,-0.036458333333333315
-95.4156,29.443,-0.5
-86.1582,39.7692,0.3181818181818182
80.45624576,16.28979369,0.1
-86.3436,43.4039,0
-74.1924,40.8073,-0.04583333333333334
74.3436,31.5497,0.38666666666666666
-97.76203758,30.38118498,0.625
73.8567,18.5203,0
-118.07116168,33.8912985,0
-3.68333,40.4,0.25
-79.38512824,43.6408863,0
-0.1141133,51.4634639,0.5
16.19491521,-2.84703339,0.2571428571428572
78.534851,17.311442,0.65
-4.55871,13.90351,0
-104.98360001,39.7391,0
-77.1444,38.8654,0.625
-81.32806152,48.47593351,0.2681818181818182
58.5367,23.6039,0
-4.309626,55.852472,0
-73.69315,42.73099,0
-80.25478,25.76408,0.2681818181818182
-1.13949,51.569861,-0.05
-0.53782683,52.39170171,0
73.06521592,33.69386247,0
-76.8891,38.8595,0
-0.07771,51.52885,0
-70.62083333,42.65555556,0.4625
-1.5,6.75,0.24444444444444444
103.856,1.29306,0
-73.9991637,40.7536854,0.13636363636363635
-93.35268,44.98982,-0.033333333333333354
6.76290035,51.2795282,0.25
12.47517355,41.87698289,-0.175
-73.99112517,40.7588419,0.2268939393939394
9.1897,45.4643,-0.15555555555555559
0.26024992,51.8898418,-1
-81.7947,26.1418,0
-73.99112517,40.7588419,0.15625
-75.0667,39.95776,0.16875
-92.3338,38.9484,0.1572727272727273
73.8567,18.5203,0
4.60088,8.46435,0.2875
-85.64153046,41.76342922,0.8814697265625
-80.21616276,44.49840009,0.3083333333333333
-75.2414306,39.99482374,0
3.49071531,6.44196965,0.2
-99.1332,19.4326,0
-78.2098046,35.95059847,0.75
73.74287367,15.62576458,0.4702380952380952
-83.4844,42.4345,0.07708333333333332
-76.3485,39.5357,0
72.8764,19.0627,0.25
-73.986111,40.737778,0
-74.19925689,40.66283141,0
-0.97835329,51.45134734,0
-78.9625502,36.2519385,0.08484848484848484
79.4667,21.5333,0
77,21,0.5
73.74287367,15.62576458,0.4702380952380952
-79.243,43.71,0.3
-85.86,41.24,0.7
-79.26071,42.97523,0.375
47.88727852,29.27738513,0
18.57881206,50.10491943,-0.45
-0.12450144,51.50013926,0
72.8764,19.0627,-0.78125
-93.35268,44.98982,0.3333333333333333
-81.3775,28.5421,0
-77.03625482,38.89797248,0
-80.28091469,25.97734614,-0.45
-116.86973,47.96905,0.36666666666666664
-84.5596,39.3355,0.16803030303030303
121.13519,14.599612,0.5
-84.3889,33.7566,0
-93.31330237,44.95042511,0
-1.139465,51.569849,0.05
98.29805818,7.90311688,0.17272727272727273
2.26935,48.8843699,0
-87.9878888,41.811212,-0.5089285714285714
-93.2828703,44.924076,0
-95.9304,41.2557,0.42142857142857143
72.8104,19.1375,0.3111111111111111
3.39583,6.45306,-0.019999999999999997
-76.6360069,39.3338787,0
35.4993,33.8892,0.4333333333333333
-80.21148009,26.05230418,-0.30000000000000004
135.5122,34.6603,0.13166666666666668
-2.9794,53.4078,0.175
-87.632496,41.883222,0.25
11.97495,57.69688,0.14814814814814814
6.910293,8.59578001,0
-87.632496,41.883222,0.6166666666666667
-0.1924,51.4644,0
3.50240603,6.43611884,0
3.39583,6.45306,0.06818181818181818
-83.14259727,42.48936898,0.5
-85.6123,44.7601,0.25
-75.14384,40.00831,-0.05
-1.13948,51.569859,-0.175
-71.12780743,44.05328086,0.25
-80.1936,25.7751,0
-73.98620367,40.75790396,0.33636363636363636
-71.50885,41.8238,0
-79.7667,43.6833,0
106.8218,-6.3902,0.25
-93.2645,44.9774,0
7.24391339,47.13957327,0.246875
-2.08879,54.95702,0.1875
-98.5,29.4167,0
55.23912778,25.05063333,0
-118.364,33.7582,0.13636363636363635
-123.1204,49.2819,0.05
-2.08879,54.95702,0.1875
-78.82167701,42.99771878,0
-88.79960796,33.44542591,0.16666666666666666
-79.49848652,43.6189745,0.1675
-70.1004,41.2815,0.5
-73.98644,40.75839,-0.04121212121212122
77.10695707,28.71069563,0
-79.38007,43.65367,-0.1
-73.95,40.65,0.13636363636363635
-79.38007,43.65367,-0.1
103.856,1.29306,0.3
-81.32806152,48.47593351,0.13636363636363635
-2.08879,54.95702,-0.125
-90.1978,38.6272,0.1
-80.12861,26.36283,0.6
-73.98366822,40.76081647,0.98828125
-2.08879,54.95702,0.1875
-0.466667,52.4833,0.2
-2.08879,54.95702,0.041666666666666664
-79.38007,43.65367,-0.1
-1.37984,54.73445,0.1875
-79.38007,43.65367,-0.025
-1.1331,50.7993,-0.03125
-81.32806152,48.47593351,0.13636363636363635
16.41560835,48.1739745,-0.4
-75.6883,38.2872,0
-75.15683888,40.06831512,-0.26055194805194803
-84.3889,33.7566,0.513888888888889
7.9325,5.0248,0
-74.5,40,-0.08750000000000002
18.38636,-33.95156,0.5428571428571428
-73.82223,40.83592,0.4000000000000001
-72.2667,18.5833,0
-74.5,40,0.03409090909090909
-74.0064,40.7142,0.14523809523809525
-78.70070003,26.49666354,0.48148148148148157
73.83888889,26.57277778,0
34.9,36.9167,0
-79.3872,43.648,0
-76.735,39.2713,0.049999999999999996
-79.37086408,43.6541598,0
-2.58333,51.45,0
3.41087985,6.43525947,0.2
-122.43856987,37.76442532,-0.30000000000000004
-2.731875,43.22012943,0.325
-76.94872824,38.83998681,0
-77.47,37.55,0.25
-76.63364192,39.50145597,0.2
-85.7554,38.2525,-0.02857142857142856
-83.0507,42.3368,0
-116.2038,43.6141,0.10000000000000003
-85.5551799,42.94675,0.5
-96.8847,33.0908,-0.125
-77.47,37.55,0.225
-80.05315,37.29366,0.5
-0.1094,51.5141,-0.17743764172335602
-79.8761,43.26,-0.05
73.8567,18.5203,0
-2.25,53.68333333,-0.13333333333333333
-4.309626,55.852472,0
-73.4721,45.5181,0
-9.31667,38.6833,0
-77.47,37.55,0
-4.71167,51.895,0.8
-1.47261,52.74649,0.4
3.35004343,6.58125476,0.28055555555555556
-77.47,37.55,0
-4.71167,51.895,0.8
-73.977933,40.7524183,0.06818181818181818
3.39583,6.45306,0.5
-80.0914846,42.13875209,-0.07777777777777779
79.83,11.93,0.23714285714285716
-87.6570702,41.98934478,0
-73.96402,42.82682,0.17662337662337663
-2.58333,51.45,0.625
-1.48840245,53.37179751,0.3375
-0.33271667,51.56549722,0.20416666666666666
39.35498395,-5.90109249,0.3
-2.58333,51.45,0.625
-69.96484913,18.46127361,0.25833333333333336
3.6119926,6.4774357,-0.5
-95.3694,29.7602,-0.003124999999999996
-73.8517188,42.614541,0.11363636363636363
-5.82671935,54.64715721,0
-79.2709729,43.813507,0
-3.20897928,57.03005527,0
-118.42403,35.75444,0.25
-118.38054013,34.07524132,0.25
-79.97119962,32.77235447,0
0.24885803,52.02184606,0
-111.926,33.4931,0
0.70877273,51.5386144,0.43333333333333335
-2.18091488,53.00778835,0.3
3.39583,6.45306,-0.13647727272727272
80.08903601,12.90595035,0
-86.159,39.7685,0
72.8764,19.0627,0
-113.2087,53.7138,0
-74.19158,41.14712,-0.09375
-7.25222,52.6542,0.5523809523809524
-4.259,55.858,0
-118.2445,34.0564,0
-80.7164,35.1169,0
-1.97359662,52.40462809,0.12499999999999999
-73.87995,40.88083,0.23125
-1.76788605,52.6723519,0
5.32278,51.5916,0
-82.5122,40.0675,0
106.6935509,10.76731304,0
-1.57,53.08,-0.35
-0.10226432,51.57558519,0
77.29566336,28.66944706,0.6000000000000001
-74.0064,40.7142,0.28045454545454546
-121.4947,38.577,-0.02857142857142858
-71.49620473,42.76280351,0.75
-92.4563,35.0916,-0.15000000000000002
55.3558,25.1477,0.5
-3.46456672,50.58070225,0
150.82610607,-33.7387943,-0.39218749999999997
-61.51666667,10.66666667,0.35714285714285715
-87.55000187,33.2367936,0.5
-77.23743,38.91787,0.25
-5.61667,50.0667,0
-0.92869737,51.55728408,0.675
-80.4699,35.6674,0.41714285714285715
-0.92869737,51.55728408,0.675
-80.22341,26.15388,0.25
-122.29589013,47.73082148,0
73.06521592,33.69386247,0.675
-1.38333,50.9833,0.7
-118.0846593,34.0361155,0.17222222222222222
-115.572,32.8426,0.2130681818181818
-115.572,32.8426,0.2130681818181818
3.48713263,6.44252726,0
9.46351,55.69028,0.2
-95.99145528,36.13728805,0
80.20990093,13.00634866,-0.19999999999999998
-81.5841,28.5603,0.34375
76.950668,8.487017,-0.2333333333333333
-121.4927,38.5763,0
-71.8038,42.2688,0
-74.7,40.28,0.3409090909090909
-73.43480308,43.91822619,0
-4.259,55.858,0
-0.1094,51.5141,0
-85.61149299,40.48794593,-0.2
-86.33361175,36.2131973,0
51.44812963,25.35759909,0
3.39583,6.45306,0.13636363636363635
-79.7164011,43.7742911,-0.25
-1.89943716,52.48416375,0
-2.2463,53.4793,0.19999999999999998
-41.9938726,-22.8666767,0
-87.63242687,41.85290052,0
-2.9794,53.4078,-0.35
55.3558,25.1477,0.2
-93.35268,44.98982,0.3333333333333333
-4.259,55.858,0
16.3731,48.2083,0.25
3.39583,6.45306,0.13636363636363635
74.3436,31.5497,-0.25
-83.91947,39.02787,0.40625
-86.6306,36.3012,0.14285714285714285
-0.53782683,52.39170171,0
3.39583,6.45306,-0.0033333333333333435
-118.28762059,34.10625469,0
-96.6767,40.8115,0.55
-6.5098286,55.680264,0.29166666666666663
-73.7270761,41.2042616,0.5
-1.21613106,52.57431394,0
-1.24342633,54.55464385,0.35
-0.60027612,51.35345082,0.25
-117.1585,32.7155,0.53671875
-74.422,40.6201,0.13636363636363635
-74.0064,40.7142,0.018181818181818174
4.63904824,52.38208523,-0.10277777777777776
-73.75722885,42.65258705,0.13636363636363635
-86.06553698,35.44866251,0
-0.97833962,51.45135375,0
-0.97835297,51.4513619,0
-0.97834196,51.45138374,0
-71.002427,42.19793,0.11249999999999999
-74.0007613,40.7207559,-0.019999999999999997
2.82440355,41.9903407,0.3333333333333333
-111.49250741,33.10292164,0.275
-75.23893,39.97021,0.016666666666666673
-98.9824,31.7079,0
-118.2445,34.0564,0.18333333333333335
-86.8679,35.9245,0.21875
-90.070864,29.948479,0.3181818181818182
-95.26248,29.863,0.5
-85.87856076,34.17614746,-0.3499999999999999
7.83333333,5,0.018750000000000003
-65.2116058,-24.2460853,0.16818181818181818
-76.23624337,36.71773062,0.21875
-73.8644,40.9415,0.11212121212121212
-1.13948,51.569866,-0.06269841269841271
17,-23,0.4583333333333333
-7.53772542,54.30282756,0
-112.33945042,54.18699067,-0.1875
80.26207924,13.06336308,0.25
-117.93033,33.61695,0.37333333333333335
-75.90957,41.28098,0.3444444444444445
18.42175373,-33.92436976,0.1525
-97.03787546,32.89849574,0.01874999999999999
-80.3114,43.3581,0
-121.25365565,38.76806006,0.23354301948051948
-1.19331161,53.16456545,0.75
88.3699,22.5697,0.25
-117.65101,34.0994,0
-88.273628,42.0300465,0.2
-118.2445,34.0564,0.4166666666666667
-115.08634153,36.02149644,0.07916666666666666
-1.54449,53.99466,0.3125
-122.705,38.4486,0
-71.14668137,41.72465794,0.5
-95.3694,29.7602,0.38125
3.39583,6.45306,0.35000000000000003
-74.5,40,0.4861111111111111
-97.73549055,30.26585335,0.04999999999999999
-73.5744,45.5038,0
-1.139481,51.569866,-0.07500000000000001
-1.139481,51.569866,0.0246428571428571
-1.139481,51.569866,-0.19
-0.7594,52.0406,0.6
-75.00666667,42.815,0
72.83,21.17,0.22727272727272727
-97.13352813,33.21368978,0
-122.3308,47.6046,0.42083333333333334
-2.09008815,53.56638575,0
-80.08708,26.3474499,0.4470703125
-79.3872,43.648,0.5
-123.496,48.4236,0.22916666666666669
11.7891869,43.1034111,0.11363636363636363
145.0422836,-37.8895005,0
-73.8669,40.85,0.44318181818181823
-95.26248,29.863,-0.125
-118.2445,34.0564,0
-90.070864,29.948479,0.3181818181818182
-0.1094,51.5141,0.13636363636363635
-73.8309,40.7,0.13636363636363635
-74.0064,40.7142,0.3444444444444445
11.5550141,48.2226146,0
72.83,21.17,-0.4
-0.20489,51.23596,0.375
72.8764,19.0627,0
-76.9637,38.9416,0.08750000000000001
-6.2591,53.3476,0.85
-6.2591,53.3476,0.2333333333333333
18.50032,-33.87097,0.48828125
3.65,51,0.625
-80.49651614,43.45494464,-0.05
-80.28091469,25.97734614,1
-90.46973795,38.74444374,-0.3
-118.381667,33.9465006,0.5166666666666667
-84.3889,33.7566,0
-3.98,55.94,0.13636363636363635
-1.1453,52.9492,0.25625
3.39583,6.45306,0.8
-74.0036,40.7358,0.041666666666666664
-1.34325416,54.22454925,0
-77.47,37.55,0.1261904761904762
-76.499,42.4386,0.296875
3.39583,6.45306,0.4583333333333333
-0.7761638,53.39361231,0
3.39583,6.45306,0.5375
3.39583,6.45306,0.5375
-1.139459,51.569841,0.39444444444444443
-1.139459,51.569841,0.5
-81.4668541,28.47484178,0.16055194805194808
-0.42238891,52.14704576,-0.20462962962962963
3.39583,6.45306,0.5375
-84.7203587,33.7652024,0.4285714285714286
-95.28805,28.95215,-0.1
34.45,31.5167,0
-74.1576,40.8154,-0.1
77.39983,10.9960799,0.525
-87.43763,44.60855,0
3.39583,6.45306,0
5.30878323,51.68106961,0.3666666666666667
-111.883,40.75,0
-3.99,51.62,0.5
-73.92598756,40.83834263,0.45
1.58658337,52.16254589,0.225
-95.6969,29.9689,0.15
-97.73973942,30.26373261,0.375
-89.69,20.94,-0.4
-82.11020418,33.44617744,-0.225
-77.0254497,38.9394412,0.15454545454545454
-0.32,51.491,0.6
-0.32,51.491,0.6
27.98977368,-26.17801065,0.5
-73.94111111,40.68333333,0.07499999999999998
3.39583,6.45306,0.26666666666666666
-122.06163,37.90118,0
-81.78067308,41.4752351,0
77.597645,12.971117,0
0.52550292,51.6028586,0
-80.1936,25.7751,0
-96.7977,32.7774,0.1672727272727273
67.01,24.86,0.35
-122.41228129,37.75017128,0.4
3.39583,6.45306,0.26666666666666666
-0.3033274,51.5495045,0.08333333333333333
-80,35.5,0.16666666666666666
91.78021431,22.28127357,0
-0.58694829,52.28264846,0
-81.70650606,41.49549155,0
-2.13061979,52.59031808,0.14431818181818182
-72.7461,41.6214,0
3.39583,6.45306,0.5375
3.39583,6.45306,0.5375
54.3667,24.4667,0.3125
-83.2455,42.7843,1
27.8635755,-32.9911514,0.4
-122.0355736,47.6162683,0
-81.4911296,28.5004335,0
-73.84350331,40.74593584,0.4375
85.84,20.27,0.16666666666666666
3.353925,6.60424676,0.11468253968253969
-74.0064,40.7142,0.13636363636363635
-96.3390589,36.6642797,0.5
-121.57053318,37.00748198,0
-118.2445,34.0564,0.15
-97.1145,32.739,0.3
-77.72,39.6428,-0.1875
-78.8,42.9783,0.13636363636363635
1.18686282,52.66581511,0.3366071428571429
-74.0064,40.7142,0.0062500000000000056
3.39583,6.45306,0.3333333333333333
-93.2862,37.1951,-0.09375
33.72816172,36.26077788,0.012121212121212116
-122.412694,37.771007,0.13333333333333333
-80.9319149,46.491688,0.025
-3.45559689,55.90735163,0.7
-118.2445,34.0564,0.17045454545454544
-87.632496,41.883222,-0.3
103.75962,1.3846099,0
-0.82345963,53.9593831,0.5
-118.2445,34.0564,0.19318181818181818
16.41560835,48.1739745,0.13636363636363635
1.29620869,52.62843255,0.5
-85.43238645,31.25638138,0.05
-0.396723,51.655654,0
-4.25770714,55.87319028,0
3.9167,7.3964,0.26666666666666666
-86.8778,37.4071,0.3984375
-84.2978,33.7714,0.3333333333333333
-74.5,40,0.19318181818181818
-74.0064,40.7142,0.30000000000000004
-73.2667,45.3167,0
-0.3033274,51.5495045,0.08333333333333333
-82.89752275,39.94437459,0
-79.50354109,43.77141027,-0.00833333333333334
-122.47694444,37.76972222,0.3
-7.49684637,53.36316897,0.3888888888888889
-73.99393,40.73588,0.18333333333333335
-0.1094,51.5141,0
-4.25770714,55.87319028,0
-1.26619,53.88222,0.9
-96.7977,32.7774,0.22000000000000006
-95.39140376,29.7298132,0.03333333333333333
-117.5664384,33.8752935,0
-97.54276746,30.36104269,0
-79.41448853,43.72555952,-0.4
-122.44154,37.79942,0.5
-80.0916329,26.8087948,0.061363636363636356
-88.1033,30.6795,0.2
-87.4804,41.5957,0
-1.139458,51.56983,0.1
-95.4268515,29.55180882,0
-118.2445,34.0564,0
-80.13543069,25.79064492,-0.5
-87.632496,41.883222,0
-73.4795,40.7799,-0.16875
-0.148883,51.44555482,0.5
-118.2445,34.0564,0
-117.9969209,33.7362696,-0.3125
-74.0064,40.7142,0.36190476190476195
-83.98624624,33.96467885,0.024999999999999977
-74.0064,40.7142,-0.10833333333333334
77.29566336,28.66944706,0.4
26.9809743,37.7526043,0.4
-3.43333333,51.88333333,0.25625000000000003
-111.92227355,33.3207655,0.625
-123.1204,49.2819,0
-74.0064,40.7142,0.42424242424242414
-58.4678,-34.5986,0
-71.1564,42.4697,0
-70.1004,41.2815,0.5
-76.0658,43.035,0.36221590909090906
-58.51909261,-34.85204083,0
-87.313025,30.51835279,-0.01171875
10.97214,49.03301,0.07992424242424241
-87.4804,41.5957,-0.04166666666666666
-73.78297163,40.7127028,0
-116.2038,43.6141,0.396
-70.474,41.5731,0.13636363636363635
-74.00812,40.71665,0.75
-118.2445,34.0564,0
-84.39,33.755,-0.1
-0.12450144,51.50013926,0.5
-1.5,6.75,0.125
-122.43186111,37.75144444,0.85
-84.4259476,33.64181547,0
-2.6060939,51.4363043,0.0726010101010101
8.231973,46.798562,0
-87.4804,41.5957,0.475
-118.611,34.1689,0
-0.466667,52.4833,0
172.68215327,-43.46809818,0
-77.4371,37.5373,0
-80.0572,26.7086,0
-96.9839,33.3072,-0.125
-73.1258,40.6532,0.04999999999999999
-96.8367362,32.81198478,0
-74.5,40,-0.1356060606060606
-122.26975083,37.8018122,0
-80.3547177,43.3930366,0.16666666666666666
26.89759171,-30.01466916,0.17857142857142858
-96.799,32.781,0
-81.3775,28.5421,0.5
-113.58476315,53.65777262,-0.18333333333333335
21.008333,52.232222,0
-1.139337,51.569744,0.5
18.38893149,-33.91716276,0.390625
-92.3225,31.2831,0
-73.71073582,43.36222772,-0.0027777777777777957
-113.97703,51.00094,0.2
-73.95071,40.80322,1
-96.62249756,32.92520142,0.3181818181818182
12.5,41.9,0.2
-95.3694,29.7602,0.275
-73.95,40.65,-0.175
3.39583,6.45306,0.375
-72.01709407,41.34136598,0.12476190476190475
-106.6506,35.0873,0
-76.0878,40.1022,0.13636363636363635
-124.80757,49.23444,0.06818181818181818
-118.2445,34.0564,0.2
-73.96555556,40.76916667,0.525
-114.04903,51.01561,0.13333333333333333
-122.2382,38.1135,-0.033333333333333326
3.39583,6.45306,0.375
23.9333,54.9,0
-87.4804,41.5957,0.1
151.20797,-33.86751,0
-70.7338,42.1892,0.25
-84.37859,33.84119,0
28.36805683,37.05402834,0
-99.1332,19.4326,0.375
-97.0185378,32.92196483,0.22679653679653683
-74.0794,4.5997,0
-118.2445,34.0564,0
-73.82535,45.42694,0.3333333333333333
-117.5664384,33.8752935,0
3.34641612,6.61528509,0
74.3436,31.5497,0.11363636363636363
-73.8531,40.7493,0
-74.0064,40.7142,0
-0.1094,51.5141,0
-87.632496,41.883222,0.15833333333333333
3.41583333,6.43111111,0
-116.3018265,33.6755905,0.17777777777777778
103.856,1.29306,0
-74.08340476,41.74111293,-0.14027777777777778
-0.00198492,-0.00852319,0
-73.90973986,40.87891601,0.06818181818181818
-111.831562,33.414035,0.6
-115.149,36.1675,0.52
-84.3889,33.7566,0.3181818181818182
-118.47311,33.99886,0.25
-3.68333,40.4,0.23750000000000002
-118.2445,34.0564,0
-87.4804,41.5957,0.45
-117.12826,34.06329,0.1477272727272727
-84.3889,33.7566,-0.6
-117.793,33.6841,0
-0.1094,51.5141,0.6
-0.1094,51.5141,0.42500000000000004
-79.7164011,43.7742911,0.1
-79.38512824,43.6408863,0
-0.1094,51.5141,-0.2916666666666667
-74.01611111,40.69138889,0.08333333333333333
-118.39561,34.14453,0.6
-117.30826172,33.65173694,0
-4.309626,55.852472,0
-114.615,32.6921,0
-0.1094,51.5141,-0.2916666666666667
-90.0524,35.1426,0.19999999999999998
-8.42592995,40.21231838,0
-81.672,28.3476,0.6103515625
-117.6910615,34.09558285,0.2833333333333333
-117.293,34.1295,0
-85.59523755,38.21522314,0.5
-73.971,40.7491,0.06666666666666665
-89.6823,35.0544,0
-0.15785387,51.54192439,0
-1.2714,5.1213,-0.0625
-118.34197462,33.95821809,0
-95.3694,29.7602,0.005555555555555554
-74.0889,40.6303,0.13636363636363635
-74.18084715,40.75790386,0
0.89745373,51.88561263,0.25
-89.97426863,29.89409992,0.5
-82.9767,41.305,0.3
-117.24743233,32.74163935,0
3.35806,6.50917,0
-90.28451,38.57114,0.11666666666666665
-118.2445,34.0564,0
-74.01302568,40.73315908,0.21212121212121213
-122.81025701,49.30260121,-0.017619047619047624
-77.03625482,38.89797248,0
-87.4804,41.5957,0.24545454545454545
-73.73022,45.43897,0.6
-77.03625482,38.89797248,0
-117.28774,33.03198,0
0.57286822,51.72871145,0.85
-116.99003935,32.50744551,0
7.0315,5.49211,0.36904761904761907
-73.95,40.65,0.6666666666666666
-97.75262249,30.27594796,0.625
-70.1004,41.2815,0.5
-1.139467,51.569851,0.016666666666666663
-1.139467,51.569851,-0.15833333333333333
-121.91785214,37.4096688,0.1
-98.48999175,29.4103149,0.21666666666666676
-118.779,34.0304,0.85
-73.90704697,40.7492071,0
-118.40033,34.07347,0.4791666666666667
-122.34923,47.62049,0.25
-118.338,34.1787,-0.125
-71.08523,42.79521,-0.052678571428571436
-118.13061,34.03517,0.2333333333333333
-0.134971,51.509969,0.1125
-116.072,34.1383,0.17045454545454544
-118.25141,34.046,0.4
-1.4700222,53.38085016,0.45
-122.054,38.2578,0.30000000000000004
0.38180977,51.79198836,0
-66.91487202,10.50502625,-0.1
101.7109,3.1581,0
-80.1418138,25.77471098,0.4
-82.6489,34.5145,0
-79.3872,43.648,0.35
-73.94837222,40.80903333,0.06818181818181818
-96.76792,32.89782,0.20000000000000004
4.57190649,7.50466382,0
-90.065,29.9586,0
-78.6349,35.7781,0
4.34217,50.85244,0.125
-77.3724,35.6016,0
-122.91576191,45.53064611,0
30.96849776,29.99545496,0
-118.2445,34.0564,0.13636363636363635
-117.793,33.6841,0.36875
-95.3694,29.7602,-0.05
-87.632496,41.883222,0.4375
-73.9259,40.7722,0.13636363636363635
-71.38852666,8.50447889,0
-79.7164011,43.7742911,0
-119.26452375,34.24186533,0.06458333333333333
-43.0187438,-22.8220209,0
-77.0367,38.8951,0
-74.05626131,40.88393208,0.8666666666666667
-73.9253935,40.6617565,0.11666666666666665
-73.98551,40.76974,0.018181818181818174
-1.13946,51.569847,0.075
-79.39217953,43.6639461,-0.04999999999999999
-118.2445,34.0564,0
-118.47311,33.99886,0.25
-73.79119098,40.64259874,0.06818181818181818
-97.73549055,30.26585335,0
-118.779,34.0304,0.5833333333333334
-83.0507,42.3368,0.841796875
-77.0367,38.8951,0.5
-71.5262545,42.3573793,0.005681818181818177
-80.70921487,28.2659238,0
-98.5793,33.1008,0.05499999999999999
-77.60697126,43.25862774,0
101.66803837,3.13507403,0
-93.268827,44.2949636,0.16666666666666666
-75.1438,39.95189,-0.09999999999999998
-114.36784184,34.45159135,0.11727272727272728
-117.24031389,32.79782778,0
121.64390167,16.68977397,0.1
-93.2862,37.1951,0
-118.2192,33.9816,0.17045454545454544
-73.9427655,40.7772534,0.5375
-73.808656,40.698864,0
-66.86166644,10.47232601,0
3.86495547,7.3677273,0.2222222222222222
-82.5122,40.0675,0
21.617636,47.551439,0.23958333333333331
-85.55990543,42.26486263,0.5
-157.799,21.4092,0
-123.1204,49.2819,0.19318181818181818
120.2418728,14.91243721,-1
-92.2,34.8,0.024999999999999994
-118.2445,34.0564,0
-75.69701542,45.42733802,0.28125
-117.8533,33.7877,0.43333333333333335
-73.972216,40.77274259,-0.2333333333333333
-112.064,33.5658,0.4
-0.1094,51.5141,0.2681818181818182
-73.98536458,40.72775104,0.13636363636363635
-118.2445,34.0564,0
140.133,35.605,0.25
-73.8309,40.7,0.13636363636363635
-96.39555556,42.49805556,0.225
145.0032,-37.8215,0.005859374999999972
-122.675,45.5236111,0.005681818181818177
-77.3667,44.2167,0.20520833333333333
-73.98551,40.76974,0.35000000000000003
9.45905658,51.33333333,0.1
-122.3308,47.6046,0
1.01506866,52.18643717,0.5625
-74.0064,40.7142,0.13636363636363635
-74.0064,40.7142,0.13636363636363635
-13.23469,8.48687,0
-97.7475,30.2677,0.4
-118.364,33.7582,0
-73.90704697,40.7492071,0
-120.433,34.9514,0.24722222222222223
-112.0777,33.4482,0
-76.6546381,39.2019384,0.5
-122.41484577,37.78410157,0
-89.38444444,43.07472222,-0.125
-73.8669,40.85,-0.04753787878787878
-112.5,49.83798245,0
-74.5,40,0.0037878787878787845
3.39583,6.45306,-0.15
-76.6497,39.4336,-0.15454545454545454
-79.7164011,43.7742911,-0.03333333333333333
12,43,0.019999999999999997
-61.55842916,10.67815711,0.32222222222222224
-2.98540213,53.4017857,0.4
-74.0064,40.7142,0.19318181818181818
-84.3889,33.7566,0.375
-73.96555556,40.76916667,-0.15
-89.8549,34.9621,0
-122.253,38.1681,0.016666666666666666
-4.309626,55.852472,0.24242424242424243
-118.26,33.8397,-0.30000000000000004
-74.0064,40.7142,0.06818181818181818
39.6985397,-4.03231,0
-74.7269,39.0929,0.17045454545454544
151.20797,-33.86751,0.8
-96.74426581,33.20437111,0
-113.95896733,51.05778692,0.4125
-79.3629,43.6664,0
-83.2791,40.8296,0.1361111111111111
-79.7241899,39.9021,0
-84.18416667,37.99472222,0
-120.11537,34.66492,0.23928571428571424
39.8167,21.4167,0.26666666666666666
39.8167,21.4167,0
-74.0064,40.7142,0.16477272727272727
-74.5938,39.2654,0.1875
-81.0029,29.119,0.28659090909090906
-93.4244,44.7136,0
-115.14282,36.09957,-0.1
-117.11677364,32.75472518,0.54375
-79.45603895,43.67052862,0.06818181818181818
121,14.58333333,0.16874999999999998
-118.40033,34.07347,0.3444444444444444
-100.983,25.4333,-0.3333333333333333
-122.40852,37.7783,-0.05000000000000001
-73.925886,40.872458,0
-94.2134,36.3667,-0.125
-73.98644,40.75839,0.3181818181818182
-122.2721,37.8029,0.25
151.20797,-33.86751,0.8
-75.23072645,39.94594595,-0.05
-113.5016,53.5415,0.25
-117.36738,33.97937,0
-95.3694,29.7602,0
-70.1004,41.2815,0.5
151.20797,-33.86751,0
151.20797,-33.86751,0
-96.4955,42.531,0.13636363636363635
77.10833479,28.4435006,0
-74.5,40,0.13636363636363635
151.20797,-33.86751,0.5
-93.6434,46.2381,0.25
0.1195,51.5033,0.21481481481481482
-97.7475,30.2677,-0.18787878787878787
-1.139473,51.569856,0
-104.98360001,39.7391,0.1
-123.07521,49.32108,0.39999999999999997
122.7686386,10.0268698,0
-72.742,41.762,-0.1875
174.7655,-36.84499,0
-79.3872,43.648,-0.35
-0.13044347,51.5166726,-0.0625
-79.3872,43.648,0
-85.87827757,30.21550709,0
-86.917248,40.455119,0.018333333333333333
-73.32916667,40.76166667,-0.18181818181818182
-122.675,45.5236111,-0.2
-73.51111111,40.72444444,0.4681818181818182
-80.26295,25.74924,0.5
-75.3423543,40.6751374,0.30625
-97.7475,30.2677,-0.18787878787878787
-73.97527778,40.78694444,0.5
-74.0064,40.7142,0.4371306818181818
-81.3792,35.3812,0.125
-122.435922,37.723852,0
115.16736031,-8.6773787,0.2333333333333333
-87.4804,41.5957,-0.07142857142857142
115.16736031,-8.6773787,0.26666666666666666
-83.36109,33.95834,0.14166666666666666
133.90278602,-23.80210842,-0.037500000000000006
151.20797,-33.86751,0
139.62444444,35.3375,0.5
-97.95254257,29.94677126,0.625
114.0108,-7.7068,0.525
-80.1936,25.7751,0.75
81.02844512,26.86270097,0.061111111111111116
-83.85992259,33.59699431,0.5
-73.98158,40.72628,0
-74.04675,40.07071,0.13636363636363635
-96.86669922,32.59680176,0
81.02844512,26.86270097,0
5.75878519,5.53178615,-0.14027777777777778
103.83611445,1.24863237,-0.05
-86.5190432,35.99393088,0
-73.95,40.65,0.19999999999999998
-122.647,45.5155,0
-85.17222222,40.73805556,0.475
-118.2675,34.09444444,0.14750000000000002
-87.4804,41.5957,0.8
5.7847,5.5561,-0.14027777777777778
34.54732421,31.55832283,0
-79.3872,43.648,0.010416666666666666
34.54732421,31.55832283,0
-80.1936,25.7751,0.5
34.54732421,31.55832283,0
-121.45,38.57,0.1953125
-119.019,35.3733,0.8
-97.1397,49.8873,0
-114.0891366,51.00978297,0.75
-1.24145508,51.72957997,0.43
-73.84350331,40.74593584,0
-61.51666667,10.66666667,0.04545454545454545
-117.17231442,32.72131458,0.3214285714285714
-73.98644,40.75839,0.13636363636363635
123.7600802,10.2071681,0.20833333333333334
-112.0777,33.4482,0.48750000000000004
-113.51114759,53.54607481,0.625
-75.21749677,39.74808776,0.2875
-93.29692766,45.00881958,-0.7999999999999999
-87.4804,41.5957,0
-73.7874,40.9149,0.057575757575757565
-80.24295435,25.72731881,0
144.96548,-37.81704,0
-113.984,50.8922,0.12
-74.0064,40.7142,-0.6
-73.9425,41.1179,0.22499999999999998
4.8820724,52.3536393,0.08666666666666667
-79.8455,32.8232,0.5333333333333333
-75.1756528,39.9055002,0
80.23147825,13.03922065,0.2857142857142857
3.39583,6.45306,0.2681818181818182
-66.1819,18.4519,0.13636363636363635
-118.31632673,33.96383667,0
-77.041625,38.88675833,0
-73.96611111,40.7825,0.26666666666666666
-80.9318344,46.4916959,0.025
-4.295725,11.17798833,0.1340909090909091
-97.3358,37.6933,1
-96.13810658,19.13517436,0
151.20797,-33.86751,0
-118.1938,33.7692,0.043181818181818175
-74.11,40.67325,0.33291903409090906
-74.0064,40.7142,0.2181818181818182
-76.56361111,38.25222222,0.11701388888888882
151.20797,-33.86751,0
-82.02,39.08,0.041666666666666664
-89.6823,35.0544,0.48125
-80.12182,25.93386,0
-96.804985,32.861895,0.08333333333333333
-73.84980243,40.74590223,0
-73.9542559,40.7643316,-0.012784090909090912
-73.84479,40.743746,0
-76.53373,36.938,0
-95.365855,29.745135,0
-73.84479,40.743746,0
-6.15,53.26666667,0.08333333333333337
-121.46812,38.55172,0.575
-73.78693308,40.74035719,0
-118.779,34.0304,0.85
4.8820724,52.3536393,0.08666666666666667
-87.4804,41.5957,0.125
-82.12409653,30.26338403,0.3046666666666667
-74.0064,40.7142,0.07500000000000001
-0.1094,51.5141,0.4325
-73.97595334,40.66587442,0
151.20797,-33.86751,0
85.31010814,27.71421901,0.020000000000000018
-94.8464,39.7686,0.13636363636363635
-118.3136344,34.09073173,0
-86.6306,36.3012,0.5
-78.1167,38.8833,0.08
-73.5744,45.5038,0.16666666666666666
-93.2645,44.9774,-0.09375
-4.309626,55.852472,0
7.46433342,9.01860248,-0.3125
-118.3136344,34.09073173,0
-0.10483012,5.65089958,0.5
-71.1106,42.3737,0.0625
101.062419,4.60897,0.25
-122.3337681,47.7321167,0.5
-73.99499,40.74021,0
-70.9456,42.2014,0
-83.42597072,42.46949548,0
7.42936372,8.96389499,0
-81.93625,40.79851,0.3125
7.42936372,8.96389499,0
7.42936372,8.96389499,0.22727272727272727
7.42936372,8.96389499,0.06818181818181818
-83.36109,33.95834,0
-81.3775,28.5421,-0.15555555555555559
-90.070864,29.948479,0.4
-117.11426332,33.47109354,-0.32222222222222213
-60.67194444,2.82,0.25
-74.0064,40.7142,0.4375
-118.4589,33.9913,0
-75.9786,36.8496,-0.2916666666666667
-121.91785214,37.4096688,0.27499999999999997
121.0712328,14.7813981,0.125
-119.714,34.4258,0.14999999999999997
-77.95803567,44.30708153,-0.125
-73.9616,40.5776,0.03333333333333333
85.310244,27.713776,0.10104166666666668
-76.7883606,18.0071297,0.22727272727272727
-87.71179395,41.98317524,0.08571428571428573
-46.67151203,-23.60345428,0.4
-73.94111111,40.68333333,0.6
-74.0064,40.7142,0.5625
-80.4833,43.45,0.6000000000000001
100.74634999,13.78556003,0.25
-118.24888051,34.05668747,0.35952380952380947
-122.083002,37.6762447,0.36
121.1183095,14.62433194,-0.05
-95.9924,36.1502,0.030324074074074076
136,35,0.05
-97.7475,30.2677,0.3166666666666667
100.74634999,13.78556003,0.25
-119.714,34.4258,0
121.1183095,14.62433194,-0.05
-96.6767,40.8115,0.03333333333333333
-112.393,33.4352,0
-84.44878,33.65644,0
-85.3905,31.2232,-0.01428571428571429
-117.297,33.122,0
-122.41982778,37.80175,0
-83.42597072,42.46949548,-0.03333333333333333
-87.68561,42.04806,0
-81.3775,28.5421,0.029166666666666674
-73.96611111,40.7825,0.3
-73.8854045,40.87400211,-1
-115.267815,36.271126,0.375
-122.04978041,36.97470854,0
36.81666667,-1.28333333,-0.19
-80.1001,26.3687,0.7000000000000001
-77.47,37.55,-0.2
-84.3889,33.7566,-0.033333333333333326
-73.9259,40.7722,0.037500000000000006
-99.1332,19.4326,0
-118.44970148,34.40680629,0.17045454545454544
-118.2192,33.9816,-0.1545454545454545
-71.1845,42.3653,0.25
172.62,-43.53,0
-86.775194,36.161907,0
-87.3745,36.0715,0
-74.0064,40.7142,-0.2166666666666667
-118.661,34.1384,0.7000000000000001
-78.93389984,35.07681833,0.23928571428571427
-73.99715,40.72226389,0.3
-77.2264,39.132,-0.0175925925925926
-73.98536297,40.74843498,0.049999999999999996
-77.2264,39.132,-0.0175925925925926
-88.1252,30.2564,0.08657407407407407
-71.0736,41.9486,-0.14765625
-111.6822937,33.45102207,0.02132936507936506
-80.6495,41.1001,0.5681818181818181
-116.6267,31.862,0
-0.0810585,51.5167977,0
-118.2539,34.1465,0
-79.7418,43.2287,0.20833333333333334
-121.9525,49.1613,0.4
-90.1533,41.4499,0
-114.09117983,51.0121964,0.4
-115.149,36.1675,-0.30785714285714283
-96.61373959,40.84315348,0.625
77.219672,28.631747,0.31666666666666665
-84.11148666,39.75818688,0.17222222222222222
-84.11148666,39.75818688,0.17222222222222222
-74.0064,40.7142,0.13636363636363635
-97.3332,32.7574,0.4552517361111111
-119.7839,36.7398,0
-118.2539,34.1465,0
-118.21611111,34.10055556,0
-117.93033,33.61695,0.3072916666666667
-73.7828064,40.71315073,-0.24375
-73.9956327,40.73150243,0
106.8335573,-6.21409133,0.16666666666666666
77.34651,23.17067,0
-77.02529498,38.93940044,0
-73.8783,40.7364,0.13636363636363635
-122.30058132,47.45084786,0.03333333333333333
-73.9675,40.7779,0
-76.303958,36.835239,0.6
-80.1335,25.8138,0.07471590909090908
151.20797,-33.86751,0
85.09954363,20.84208698,0
-73.56725453,45.75975883,0
-73.56725453,45.75975883,0.31363636363636366
-73.56725453,45.75975883,-0.15729166666666666
-118.5453794,34.17211048,0.25
-95.6368,29.6183,0.3
-118.40033,34.07347,0
174.7657,-36.8473,0.13636363636363635
-4.309626,55.852472,0.4666666666666666
-122.2721,37.8029,0.08
12.49624014,9.20119798,0.2681818181818182
